project_name,tids
AGTech Forum,"9,10"
Annotation Engine,3
Assembly,"9,11"
Cybersecurity,"5,11"
Briefings,10
Online Lecture and Discussion (BOLD) Series,10
Blogging Common,7
Born This Way Foundation Partnership,4
Broadband,10
Broadband Review,1
Center for Citizen Media,"1,7"
Circumvention,1
Cloud Computing,"8, 10"
Cooperation,"3,10"
Copyright for Librarians,3
CopyrightX,"3,10"
Creative Commons,"3,10"
Cyberlaw Clinic,"10,12"
Cybersecurity Wiki,11
DDoS research project,1
Digital Asia Hub,12
Digital Finance Initiative,10
Digital Health @ University,10
Digital Media Law Project,"7,10"
Digital Natives,"3,4,5,12"
Digital Problem-Solving Initiative,3
Digital Public Library of America,3
Digitally Connected,4
Documentation of Internet Filtering Worldwide,1
E-Publishing Models,7
Educator's Guide to Wikipedia,3
eInnovation and ICT Interoperability,"8, 10"
eLangdell : The Legal Ed Commons,3
Ethics and Governance of Artificial Intelligence,"7,8,9,10,12,40"
Fellowship Program,3
Freedom To Teach: Claiming Educational Fair Use,"3,10"
GAiA,10
Global Network Initiative,"1,7"
Global Networked Readiness for Education (GNRE),3
Global Voices,4
H2O,"3,10"
Harmful Speech Online,"4,7,8"
University Open Access Project,"1,3"
Herdict,1
"Impact of the Internet on Russian Politics, Media, and Society",7
Improving Information for Decision Makers,"8, 10"
Information Quality,7
Input to ICANN Accountability and Transparency Review Process,"8, 10"
International Technologies Group,12
Internet and Democracy,7
Internet Governance,"8, 10"
Internet Law Program (iLaw),3
Internet Monitor,1
Internet Radio Initiatives,1
Internet Robustness,"1,4,10"
Internet Safety Technical Task Force,"3,10"
Internship Program,3
Interoperability,"8, 10"
Islawmix,3
Jamaica Project,12
Law Lab,10
Library Innovation Lab,3
Lumen,"1,8,10"
Media Cloud,7
Media Re:public,7
metaLAB (at) University,"3,4"
Mindsport Research Network,3
Municipal Fiber Initiative,10
Net Dialogue,"1,8,10"
Network of Interdisciplinary Internet & Society Research Centers,"8,12"
noankmedia,1
Open Economies,12
Open ePolicy Group,"8, 10"
Open Governance/ICANN,8
Openlaw,10
OpenNet Initiative,1
Privacy Initiatives,5
Privacy Tools for Sharing Research Data,5
ProjectVRM,8
Public Radio Exchange,1
Publius project,10
Responsive Communities,10
Rethink Music,10
SocialPhysics.org,5
StopBadware.org,11
Student Privacy Initiative ,5
Student Think Tank,3
Study Groups,3
Surveillance,5
Tagteam,"1,3"
The Bridge,4
The Judicial Gatekeeping Project,"3,10"
The Kinder & Braver World Project: Research Series,4
Weblogs at University,"3,4"
Youth and Media,"3,4,5"
Youth and Media Lab,"5,12"
Youth and Media Policy Working Group Initiative,"8, 10"
Youth in Developing Countries,12
Youth-Oriented Online Hate Speech / Viral Peace ,4